INSERT INTO proyecto.empleado (rut, nombre, apellido, correo, cargo) VALUES
(84329823, 'Jorge Alberto', 'Castro Diaz', 'jorgecastro@gmail.com', 'Docente'),
(78934253, 'Carlos', 'Romero Arango', 'carlomagno@gmail.com', 'Docente'),
(85432432, 'René', 'Antezana Cota', 'rene@gmail.com', 'Docente'),
(49834523, 'Yolanda', 'Orosco Garrido', 'yolandaorosco@gmail.com', 'Docente'),
(89023423, 'Juniel Mercedes', 'Cid Gonzalez', 'cid22222@gmail.com', 'Docente'),
(98123423, 'German Guillermo', 'Trillo Arce', 'germantrillo@gmail.com', 'Docente'),
(88348234, 'Julia Leonor', 'Sandoval Arteaga', 'juliasandoval@gmail.com', 'Docente'),
(36399423, 'Maria Francisca', 'Martinez León', 'martinezleon33@gmail.com', 'Docente'),
(37023943, 'Nicole', 'Herrera Moya', 'nicolewaterson@gmail.com', 'Docente'),
(38293482, 'Rolando', 'Barriga Espinoza', 'ronaldonazario@gmail.com', 'Docente'),
(40892343, 'Richard', 'Calderón Medina', 'calderonrichard@gmail.com', 'Docente'),
(41982343, 'Vanessa Cristina', 'Silva Valdez', '891vanessa@gmail.com', 'Docente'),
(12456789, 'Ana Cecilia', 'Lopez Caballero', 'anacecilia.lc@gmail.com', 'Docente'),
(6543219, 'Gregorio Facundo', 'Paredes Delgado', 'grego.paredes49@ejemplo.com', 'Docente'),
(33892333, 'Raúl Fabio', 'Bustamante Vega', 'raul.bust@gmail.com', 'Inspector');

INSERT INTO proyecto.apoderado (rut, nombre, apellido, direccion, telefono) VALUES
(76543219, 'Alberto', 'Quiñones Solar', 'Via de Manolo Garzón 4 Piso 5 , 41759', '18545932226'),
(87654321, 'Helena Angela', 'Cabrera Ojeda', 'Acceso Darío Río 543 Apt. 37 , 26102', '64788247947'),
(63, 'Alberto Carlos Victor', 'Quiñones Rivas', 'Via de Manolo Garzón 4 Piso 5 , 41759', '18545932226'),
(64, 'Carla Lucía Julia', 'González Vázquez', 'Camino Luisina Molina 30, 24862', '71340239144'),
(65, 'Belén Nina', 'Rosales Zúñiga', 'Ronda Ciro Carpio 3 Apt. 22 , 15099', '34050544926'),
(66, 'Justo Manuel', 'Vergara Poblete', 'Calle de Balduino Uría 3 Apt. 52 , 08631', '46825827616'),
(67, 'Justo Lorenzo', 'Fierro Morales', 'Callejón de Roberto Gisbert 15, 41626', '14206801222'),
(68, 'Jacinta Guadalupe', 'Soler Araya', 'Paseo de Encarna Mascaró 51, 44759', '63957837406'),
(69, 'Ángel Manuel Mario', 'Vera Morales', 'Glorieta de Concepción Plana 29, 11855', '62249119222');



INSERT INTO proyecto.curso (grado, seccion, tipo, rut_prof_jefe, generacion) VALUES 
('3°', 'A', 'Media', 12456789, '2024-03-01'),
('PreKinder', 'A', 'Pre Básica', 41982343, '2024-03-01'),
('Kinder', 'A', 'Pre Básica', 40892343, '2024-03-01'),
('1°', 'A', 'Básica', 38293482, '2024-03-01'),
('2°', 'A', 'Básica', 37023943, '2024-03-01'),
('3°', 'A', 'Básica', 36399423, '2024-03-01'),
('4°', 'A', 'Básica', 88348234, '2024-03-01'),
('5°', 'A', 'Básica', 98123423, '2024-03-01'),
('6°', 'A', 'Básica', 89023423, '2024-03-01'),
('7°', 'A', 'Básica', 49834523, '2024-03-01'),
('8°', 'A', 'Básica', 85432432, '2024-03-01'),
('1°', 'A', 'Media', 78934253, '2024-03-01'),
('2°', 'A', 'Media', 84329823, '2024-03-01'),
('4°', 'A', 'Media', 6543219, '2024-03-01');

INSERT INTO proyecto.estudiante (rut, nombre, apellido, direccion, rut_apoderado, id_curso) VALUES 
(65432198, 'Josefa Andrea', 'Quiñones Ruiz', 'Calle Potrillos, 82934', 76543219, 1),
(98765432, 'Gabriel Aarón', 'Ojeda Cabrera', 'Avenida Siempre Viva 123', 87654321, 1),
(871, 'Pilar Sonia', 'Quiñones Gutiérrez', 'Via de Manolo Garzón 4 Piso 5 , 41759', 63, 2),
(872, 'Natalia Natalia', 'Muñoz González', 'Camino Luisina Molina 30, 24862', 64, 3),
(873, 'Gabriel Aarón', 'Ojeda Rosales', 'Ronda Ciro Carpio 3 Apt. 22 , 15099', 65, 4),
(874, 'Rubén Agustín', 'Ojeda Rosales', 'Ronda Ciro Carpio 3 Apt. 22 , 15099', 65, 5),
(875, 'Alberto Arturo', 'Ojeda Rosales', 'Ronda Ciro Carpio 3 Apt. 22 , 15099', 65, 6),
(876, 'Aarón Claudio', 'Vergara Uribe', 'Calle de Balduino Uría 3 Apt. 52 , 08631', 66, 7),
(877, 'Alfonso Federico', 'Fierro Miranda', 'Callejón de Roberto Gisbert 15, 41626', 67, 8),
(878, 'Andrés Miguel', 'Fierro Miranda', 'Callejón de Roberto Gisbert 15, 41626', 67, 9),
(879, 'Isidro Agustín', 'Fierro Miranda', 'Callejón de Roberto Gisbert 15, 41626', 67, 10),
(880, 'Camila Romina', 'Avendaño Soler', 'Paseo de Encarna Mascaró 51, 44759', 68, 11),
(881, 'Alberto Teodoro', 'Vera Blanco', 'Glorieta de Concepción Plana 29, 11855', 69, 12),
(882, 'Antonio Ignacio', 'Vera Blanco', 'Glorieta de Concepción Plana 29, 11855', 69, 13),
(883, 'Leandro Gonzalo', 'Vera Blanco', 'Glorieta de Concepción Plana 29, 11855', 69, 14);


INSERT INTO proyecto.asignatura (nombre, rut_prof_imparte) VALUES
('Matemáticas 3° Medio', 12456789),
('Inglés 3° Medio', 84329823),
('Física electivo', 78934253),
('Educación Física 3° Medio', 85432432),
('Música 3° Medio', 49834523),
('Filosofía 3° Medio', 89023423),
('Limites, Derivadas e Integrales', 98123423),
('Ciencias para la Ciudadanía 3° Medio', 88348234),
('Educación Ciudadana', 36399423),
('Lengua y Literatura 3° Medio', 6543219),
('Educación Física Prekinder', 37023943),
('Educación Física Kinder', 37023943),
('Educación Física 1° Básico', 38293482),
('Educación Física 2° Básico', 38293482),
('Educación Física 3° Básico', 38293482),
('Educación Física 4° Básico', 38293482),
('Educación Física 5° Básico', 38293482),
('Educación Física 6° Básico', 38293482),
('Educación Física 7° Básico', 85432432),
('Educación Física 8° Básico', 85432432),
('Educación Física 1° Medio', 85432432),
('Educación Física 2° Medio', 85432432),
('Educación Física 4° Medio', 85432432);


-- Inserta una evaluación de tipo Sumativa en Matemáticas
INSERT INTO proyecto.evaluacion (codigo_asig, tipo, descripcion, fecha) VALUES
(1, 'Sumativa', 'Matemáticas 3° Medio, Prueba n°1', '2024-03-26'),
(1, 'Formativa', 'Matemáticas 3° Medio, Prueba n°2', '2024-04-18'),
(1, 'Sumativa', 'Matemáticas 3° Medio, Prueba n°3', '2024-05-10'),
(1, 'Formativa', 'Matemáticas 3° Medio, Prueba n°4', '2024-06-02'),
(1, 'Sumativa', 'Matemáticas 3° Medio, Prueba n°5', '2024-06-24'),
(1, 'Formativa', 'Matemáticas 3° Medio, Prueba n°6', '2024-07-16'),
(1, 'Sumativa', 'Matemáticas 3° Medio, Prueba n°7', '2024-08-08'),
(1, 'Formativa', 'Matemáticas 3° Medio, Prueba n°8', '2024-09-30'),
(1, 'Sumativa', 'Matemáticas 3° Medio, Prueba n°9', '2024-10-22'),
(1, 'Formativa', 'Matemáticas 3° Medio, Prueba n°10', '2024-11-14'),
(1, 'Sumativa', 'Matemáticas 3° Medio, Prueba n°11', '2024-11-06'),
(1, 'Formativa', 'Matemáticas 3° Medio, Prueba n°12', '2024-10-28'),
(2, 'Sumativa', 'Inglés 3° Medio, Prueba n°1', '2024-03-26'),
(2, 'Formativa', 'Inglés 3° Medio, Prueba n°2', '2024-04-18'),
(2, 'Sumativa', 'Inglés 3° Medio, Prueba n°3', '2024-05-10'),
(2, 'Formativa', 'Inglés 3° Medio, Prueba n°4', '2024-06-02'),
(2, 'Sumativa', 'Inglés 3° Medio, Prueba n°5', '2024-06-24'),
(2, 'Formativa', 'Inglés 3° Medio, Prueba n°6', '2024-07-16'),
(2, 'Sumativa', 'Inglés 3° Medio, Prueba n°7', '2024-08-08'),
(2, 'Formativa', 'Inglés 3° Medio, Prueba n°8', '2024-09-30'),
(2, 'Sumativa', 'Inglés 3° Medio, Prueba n°9', '2024-10-22'),
(2, 'Formativa', 'Inglés 3° Medio, Prueba n°10', '2024-11-14'),
(2, 'Sumativa', 'Inglés 3° Medio, Prueba n°11', '2024-11-06'),
(2, 'Formativa', 'Inglés 3° Medio, Prueba n°12', '2024-10-28'),
(3, 'Sumativa', 'Física electivo, Prueba n°1', '2024-03-26'),
(3, 'Formativa', 'Física electivo, Prueba n°2', '2024-04-18'),
(3, 'Sumativa', 'Física electivo, Prueba n°3', '2024-05-10'),
(3, 'Formativa', 'Física electivo, Prueba n°4', '2024-06-02'),
(3, 'Sumativa', 'Física electivo, Prueba n°5', '2024-06-24'),
(3, 'Formativa', 'Física electivo, Prueba n°6', '2024-07-16'),
(3, 'Sumativa', 'Física electivo, Prueba n°7', '2024-08-08'),
(3, 'Formativa', 'Física electivo, Prueba n°8', '2024-09-30'),
(3, 'Sumativa', 'Física electivo, Prueba n°9', '2024-10-22'),
(3, 'Formativa', 'Física electivo, Prueba n°10', '2024-11-14'),
(3, 'Sumativa', 'Física electivo, Prueba n°11', '2024-11-06'),
(3, 'Formativa', 'Física electivo, Prueba n°12', '2024-10-28'),
(4, 'Sumativa', 'Educación Física 3° Medio, Prueba n°1', '2024-03-26'),
(4, 'Formativa', 'Educación Física 3° Medio, Prueba n°2', '2024-04-18'),
(4, 'Sumativa', 'Educación Física 3° Medio, Prueba n°3', '2024-05-10'),
(4, 'Formativa', 'Educación Física 3° Medio, Prueba n°4', '2024-06-02'),
(4, 'Sumativa', 'Educación Física 3° Medio, Prueba n°5', '2024-06-24'),
(4, 'Formativa', 'Educación Física 3° Medio, Prueba n°6', '2024-07-16'),
(4, 'Sumativa', 'Educación Física 3° Medio, Prueba n°7', '2024-08-08'),
(4, 'Formativa', 'Educación Física 3° Medio, Prueba n°8', '2024-09-30'),
(4, 'Sumativa', 'Educación Física 3° Medio, Prueba n°9', '2024-10-22'),
(4, 'Formativa', 'Educación Física 3° Medio, Prueba n°10', '2024-11-14'),
(4, 'Sumativa', 'Educación Física 3° Medio, Prueba n°11', '2024-11-06'),
(4, 'Formativa', 'Educación Física 3° Medio, Prueba n°12', '2024-11-24'),
(5, 'Sumativa', 'Música 3° Medio, Prueba n°1', '2024-03-26'),
(5, 'Formativa', 'Música 3° Medio, Prueba n°2', '2024-04-18'),
(5, 'Sumativa', 'Música 3° Medio, Prueba n°3', '2024-05-10'),
(5, 'Formativa', 'Música 3° Medio, Prueba n°4', '2024-06-02'),
(5, 'Sumativa', 'Música 3° Medio, Prueba n°5', '2024-06-24'),
(5, 'Formativa', 'Música 3° Medio, Prueba n°6', '2024-07-16'),
(5, 'Sumativa', 'Música 3° Medio, Prueba n°7', '2024-08-08'),
(5, 'Formativa', 'Música 3° Medio, Prueba n°8', '2024-09-30'),
(5, 'Sumativa', 'Música 3° Medio, Prueba n°9', '2024-10-22'),
(5, 'Formativa', 'Música 3° Medio, Prueba n°10', '2024-11-14'),
(5, 'Sumativa', 'Música 3° Medio, Prueba n°11', '2024-11-06'),
(5, 'Formativa', 'Música 3° Medio, Prueba n°12', '2024-10-28'),
(6, 'Sumativa', 'Filosofía 3° Medio, Prueba n°1', '2024-03-26'),
(6, 'Formativa', 'Filosofía 3° Medio, Prueba n°2', '2024-04-18'),
(6, 'Sumativa', 'Filosofía 3° Medio, Prueba n°3', '2024-05-10'),
(6, 'Formativa', 'Filosofía 3° Medio, Prueba n°4', '2024-06-02'),
(6, 'Sumativa', 'Filosofía 3° Medio, Prueba n°5', '2024-06-24'),
(6, 'Formativa', 'Filosofía 3° Medio, Prueba n°6', '2024-07-16'),
(6, 'Sumativa', 'Filosofía 3° Medio, Prueba n°7', '2024-08-08'),
(6, 'Formativa', 'Filosofía 3° Medio, Prueba n°8', '2024-09-30'),
(6, 'Sumativa', 'Filosofía 3° Medio, Prueba n°9', '2024-10-22'),
(6, 'Formativa', 'Filosofía 3° Medio, Prueba n°10', '2024-11-14'),
(6, 'Sumativa', 'Filosofía 3° Medio, Prueba n°11', '2024-11-06'),
(6, 'Formativa', 'Filosofía 3° Medio, Prueba n°12', '2024-10-28'),
(7, 'Sumativa', 'Limites, Derivadas e Integrales, Prueba n°1', '2024-03-26'),
(7, 'Formativa', 'Limites, Derivadas e Integrales, Prueba n°2', '2024-04-18'),
(7, 'Sumativa', 'Limites, Derivadas e Integrales, Prueba n°3', '2024-05-10'),
(7, 'Formativa', 'Limites, Derivadas e Integrales, Prueba n°4', '2024-06-02'),
(7, 'Sumativa', 'Limites, Derivadas e Integrales, Prueba n°5', '2024-06-24'),
(7, 'Formativa', 'Limites, Derivadas e Integrales, Prueba n°6', '2024-07-16'),
(7, 'Sumativa', 'Limites, Derivadas e Integrales, Prueba n°7', '2024-08-08'),
(7, 'Formativa', 'Limites, Derivadas e Integrales, Prueba n°8', '2024-09-30'),
(7, 'Sumativa', 'Limites, Derivadas e Integrales, Prueba n°9', '2024-10-22'),
(7, 'Formativa', 'Limites, Derivadas e Integrales, Prueba n°10', '2024-11-14'),
(7, 'Sumativa', 'Limites, Derivadas e Integrales, Prueba n°11', '2024-11-06'),
(7, 'Formativa', 'Limites, Derivadas e Integrales, Prueba n°12', '2024-10-28'),
(8, 'Sumativa', 'Ciencias para la Ciudadanía 3° Medio, Prueba n°1', '2024-03-26'),
(8, 'Formativa', 'Ciencias para la Ciudadanía 3° Medio, Prueba n°2', '2024-04-18'),
(8, 'Sumativa', 'Ciencias para la Ciudadanía 3° Medio, Prueba n°3', '2024-05-10'),
(8, 'Formativa', 'Ciencias para la Ciudadanía 3° Medio, Prueba n°4', '2024-06-02'),
(8, 'Sumativa', 'Ciencias para la Ciudadanía 3° Medio, Prueba n°5', '2024-06-24'),
(8, 'Formativa', 'Ciencias para la Ciudadanía 3° Medio, Prueba n°6', '2024-07-16'),
(8, 'Sumativa', 'Ciencias para la Ciudadanía 3° Medio, Prueba n°7', '2024-08-08'),
(8, 'Formativa', 'Ciencias para la Ciudadanía 3° Medio, Prueba n°8', '2024-09-30'),
(8, 'Sumativa', 'Ciencias para la Ciudadanía 3° Medio, Prueba n°9', '2024-10-22'),
(8, 'Formativa', 'Ciencias para la Ciudadanía 3° Medio, Prueba n°10', '2024-11-14'),
(8, 'Sumativa', 'Ciencias para la Ciudadanía 3° Medio, Prueba n°11', '2024-11-06'),
(8, 'Formativa', 'Ciencias para la Ciudadanía 3° Medio, Prueba n°12', '2024-10-28'),
(9, 'Sumativa', 'Educación Ciudadana, Prueba n°1', '2024-03-26'),
(9, 'Formativa', 'Educación Ciudadana, Prueba n°2', '2024-04-18'),
(9, 'Sumativa', 'Educación Ciudadana, Prueba n°3', '2024-05-10'),
(9, 'Formativa', 'Educación Ciudadana, Prueba n°4', '2024-06-02'),
(9, 'Sumativa', 'Educación Ciudadana, Prueba n°5', '2024-06-24'),
(9, 'Formativa', 'Educación Ciudadana, Prueba n°6', '2024-07-16'),
(9, 'Sumativa', 'Educación Ciudadana, Prueba n°7', '2024-08-08'),
(9, 'Formativa', 'Educación Ciudadana, Prueba n°8', '2024-09-30'),
(9, 'Sumativa', 'Educación Ciudadana, Prueba n°9', '2024-10-22'),
(9, 'Formativa', 'Educación Ciudadana, Prueba n°10', '2024-11-14'),
(9, 'Sumativa', 'Educación Ciudadana, Prueba n°11', '2024-11-06'),
(9, 'Formativa', 'Educación Ciudadana, Prueba n°12', '2024-10-28'),
(10, 'Sumativa', 'Lengua y Literatura 3° Medio, Prueba n°1', '2024-03-26'),
(10, 'Formativa', 'Lengua y Literatura 3° Medio, Prueba n°2', '2024-04-18'),
(10, 'Sumativa', 'Lengua y Literatura 3° Medio, Prueba n°3', '2024-05-10'),
(10, 'Formativa', 'Lengua y Literatura 3° Medio, Prueba n°4', '2024-06-02'),
(10, 'Sumativa', 'Lengua y Literatura 3° Medio, Prueba n°5', '2024-06-24'),
(10, 'Formativa', 'Lengua y Literatura 3° Medio, Prueba n°6', '2024-07-16'),
(10, 'Sumativa', 'Lengua y Literatura 3° Medio, Prueba n°7', '2024-08-08'),
(10, 'Formativa', 'Lengua y Literatura 3° Medio, Prueba n°8', '2024-09-30'),
(10, 'Sumativa', 'Lengua y Literatura 3° Medio, Prueba n°9', '2024-10-22'),
(10, 'Formativa', 'Lengua y Literatura 3° Medio, Prueba n°10', '2024-11-14'),
(10, 'Sumativa', 'Lengua y Literatura 3° Medio, Prueba n°11', '2024-11-06'),
(10, 'Formativa', 'Lengua y Literatura 3° Medio, Prueba n°12', '2024-10-28'),
(11, 'Sumativa', 'Educación Física', '2024-5-10'),
(11, 'Formativa', 'Educación Física', '2024-5-10'),
(12, 'Sumativa', 'Educación Física', '2024-5-10'),
(12, 'Formativa', 'Educación Física', '2024-5-10'),
(13, 'Sumativa', 'Educación Física', '2024-5-10'),
(13, 'Formativa', 'Educación Física', '2024-5-10'),
(14, 'Sumativa', 'Educación Física', '2024-5-10'),
(14, 'Formativa', 'Educación Física', '2024-5-10'),
(15, 'Sumativa', 'Educación Física', '2024-5-10'),
(15, 'Formativa', 'Educación Física', '2024-5-10'),
(16, 'Sumativa', 'Educación Física', '2024-5-10'),
(16, 'Formativa', 'Educación Física', '2024-5-10'),
(17, 'Sumativa', 'Educación Física', '2024-5-10'),
(17, 'Formativa', 'Educación Física', '2024-5-10'),
(18, 'Sumativa', 'Educación Física', '2024-5-10'),
(18, 'Formativa', 'Educación Física', '2024-5-10'),
(19, 'Sumativa', 'Educación Física', '2024-5-10'),
(19, 'Formativa', 'Educación Física', '2024-5-10'),
(20, 'Sumativa', 'Educación Física', '2024-5-10'),
(20, 'Formativa', 'Educación Física', '2024-5-10'),
(21, 'Sumativa', 'Educación Física', '2024-5-10'),
(21, 'Formativa', 'Educación Física', '2024-5-10'),
(22, 'Sumativa', 'Educación Física', '2024-5-10'),
(22, 'Formativa', 'Educación Física', '2024-5-10'),
(23, 'Sumativa', 'Educación Física', '2024-5-10'),
(23, 'Formativa', 'Educación Física', '2024-5-10');




-- Inserta el registro de la nota inicial de Pedro en la evaluación
INSERT INTO proyecto.presenta (id_ev, rut_est, nota) VALUES 
(1, 98765432, 3.9),
(1 , 65432198, 5.7),
(2 , 65432198, 4.7),
(3 , 65432198, 5.7),
(4 , 65432198, 4.8),
(5 , 65432198, 6),
(6 , 65432198, 5.4),
(7 , 65432198, 6.1),
(8 , 65432198, 6.3),
(9 , 65432198, 6.6),
(10 , 65432198, 6.1),
(11 , 65432198, 6),
(12 , 65432198, 5.7),
(13 , 65432198, 7),
(14 , 65432198, 7),
(15 , 65432198, 6.8),
(16 , 65432198, 6.7),
(17 , 65432198, 7),
(18 , 65432198, 6.9),
(19 , 65432198, 6.9),
(20 , 65432198, 7),
(21 , 65432198, 7),
(22 , 65432198, 7),
(23 , 65432198, 6.8),
(24 , 65432198, 6.5),
(25 , 65432198, 5.7),
(26 , 65432198, 7),
(27 , 65432198, 7),
(28 , 65432198, 5.6),
(29 , 65432198, 7),
(30 , 65432198, 6.2),
(31 , 65432198, 4.6),
(32 , 65432198, 7),
(33 , 65432198, 6.2),
(34 , 65432198, 6.9),
(35 , 65432198, 6.4),
(36 , 65432198, 7),
(37 , 65432198, 7),
(38 , 65432198, 7),
(39 , 65432198, 7),
(40 , 65432198, 7),
(41 , 65432198, 6.9),
(42 , 65432198, 6.8),
(43 , 65432198, 6.7),
(44 , 65432198, 7),
(45 , 65432198, 7),
(46 , 65432198, 7),
(47 , 65432198, 7),
(48 , 65432198, 6.8),
(49 , 65432198, 6.0),
(50 , 65432198, 6.1),
(51 , 65432198, 5.6),
(52 , 65432198, 6.5),
(53 , 65432198, 5.1),
(54 , 65432198, 6.5),
(55 , 65432198, 7),
(56 , 65432198, 5.9),
(57 , 65432198, 5.5),
(58 , 65432198, 6.5),
(59 , 65432198, 7),
(60 , 65432198, 5.7),
(61 , 65432198, 6.4),
(62 , 65432198, 6.3),
(63 , 65432198, 6.7),
(64 , 65432198, 7),
(65 , 65432198, 6.1),
(66 , 65432198, 6.7),
(67 , 65432198, 5.9),
(68 , 65432198, 7),
(69 , 65432198, 7),
(70 , 65432198, 7),
(71 , 65432198, 6.4),
(72 , 65432198, 6.7),
(73 , 65432198, 6.0),
(74 , 65432198, 7),
(75 , 65432198, 5.2),
(76 , 65432198, 6.0),
(77 , 65432198, 7),
(78 , 65432198, 4.6),
(79 , 65432198, 5.9),
(80 , 65432198, 5.7),
(81 , 65432198, 5.8),
(82 , 65432198, 7),
(83 , 65432198, 6.6),
(84 , 65432198, 7),
(85 , 65432198, 7),
(86 , 65432198, 6.1),
(87 , 65432198, 7),
(88 , 65432198, 6.6),
(89 , 65432198, 3.7),
(90 , 65432198, 6.2),
(91 , 65432198, 5.9),
(92 , 65432198, 6.6),
(93 , 65432198, 6.3),
(94 , 65432198, 5.7),
(95 , 65432198, 5.7),
(96 , 65432198, 5.0),
(97 , 65432198, 2.5),
(98 , 65432198, 4.6),
(99 , 65432198, 3.3),
(100 , 65432198, 4.7),
(101 , 65432198, 4.7),
(102 , 65432198, 5.4),
(103 , 65432198, 3.1),
(104 , 65432198, 2.9),
(105 , 65432198, 4.1),
(106 , 65432198, 5.0),
(107 , 65432198, 4.9),
(108 , 65432198, 4.8),
(109 , 65432198, 6.0),
(110 , 65432198, 7),
(111 , 65432198, 6.7),
(112 , 65432198, 7),
(113 , 65432198, 5.5),
(114 , 65432198, 7),
(115 , 65432198, 7),
(116 , 65432198, 7),
(117 , 65432198, 5.9),
(118 , 65432198, 6.1),
(119 , 65432198, 7),
(120 , 65432198, 6.6),
(121 , 871, 7),
(122 , 871, 7),
(123 , 872, 5.1),
(124 , 872, 6.8),
(125 , 873, 6.5),
(126 , 873, 6.4),
(127 , 874, 6.1),
(128 , 874, 6),
(129 , 875, 7),
(130 , 875, 7),
(131 , 876, 7),
(132 , 876, 6.8),
(133 , 877, 5.4),
(134 , 877, 4.8),
(135 , 878, 6),
(136 , 878, 5.9),
(137 , 879, 6.8),
(138 , 879, 6.9),
(139 , 880, 6.9),
(140 , 880, 6.9),
(141 , 881, 7),
(142 , 881, 7),
(143 , 882, 7),
(144 , 882, 6.4),
(145 , 883, 7),
(146, 883, 7);



INSERT INTO proyecto.horario (dia_semana, hora_inicio, hora_fin) VALUES 
('Lunes', '08:15', '10:00'),
('Miércoles', '10:15', '12:00');

INSERT INTO proyecto.departamento (nombre, rut_jefe_dep) VALUES
('Educación Física', 38293482);

INSERT INTO proyecto.parte_de (id_dep, rut_emp) VALUES
(1, 38293482),
(1, 85432432),
(1, 37023943);

-- Datos de prueba para la tabla Anotacion_Particular
INSERT INTO proyecto.anotacion_particular (descripcion, tipo, fecha, rut_emp, rut_est) VALUES
('Comportamiento ejemplar en clase.', 'Positiva', '2024-10-01', 85432432, 881),
('No utiliza corbata en clases.', 'Negativa', '2024-04-28', 33892333, 881),
('No utiliza corbata en clases.', 'Negativa', '2023-06-24', 33892333, 881),
('No utiliza corbada en clases.', 'Negativa', '2022-11-05', 33892333, 881),
('Se queda en el baño en el horario de clases.', 'Negativa', '2021-08-17', 33892333, 881),
('Noqueo a compañero en el recreo', 'Negativa', '2021-09-30', 33892333, 881),
('Defiende a un compañero al termino de clases de otros.', 'Positiva', '2024-10-02', 33892333, 881);

-- Datos de prueba para la tabla Anotacion_General
INSERT INTO proyecto.anotacion_general (descripcion, tipo, fecha, rut_emp, id_cur) VALUES
('Curso con orden y respeto sobresaliente.', 'Positiva', '2024-10-05', 85432432, 12);

INSERT INTO proyecto.asistencia (fecha, rut_est, estado) VALUES
('2021-03-01', 881, 'Presente'),
('2021-03-02', 881, 'Presente'),
('2021-03-03', 881, 'Presente'),
('2021-03-04', 881, 'Presente'),
('2021-03-05', 881, 'Presente'),
('2021-03-06', 881, 'Presente'),
('2021-03-07', 881, 'Presente'),
('2021-03-08', 881, 'Presente'),
('2021-03-09', 881, 'Presente'),
('2021-03-10', 881, 'Presente'),
('2021-03-11', 881, 'Presente'),
('2021-03-12', 881, 'Presente'),
('2021-03-13', 881, 'Presente'),
('2021-03-14', 881, 'Presente'),
('2021-03-15', 881, 'Presente'),
('2021-03-16', 881, 'Presente'),
('2021-03-17', 881, 'Presente'),
('2021-03-18', 881, 'Presente'),
('2021-03-19', 881, 'Presente'),
('2021-03-20', 881, 'Presente'),
('2021-03-21', 881, 'Presente'),
('2021-03-22', 881, 'Presente'),
('2021-03-23', 881, 'Presente'),
('2021-03-24', 881, 'Presente'),
('2021-03-25', 881, 'Presente'),
('2021-03-26', 881, 'Presente'),
('2021-03-27', 881, 'Presente'),
('2021-03-28', 881, 'Presente'),
('2021-03-29', 881, 'Presente'),
('2021-03-30', 881, 'Presente'),
('2021-04-01', 881, 'Presente'),
('2021-04-02', 881, 'Presente'),
('2021-04-03', 881, 'Presente'),
('2021-04-04', 881, 'Presente'),
('2021-04-05', 881, 'Presente'),
('2021-04-06', 881, 'Presente'),
('2021-04-07', 881, 'Presente'),
('2021-04-08', 881, 'Presente'),
('2021-04-09', 881, 'Presente'),
('2021-04-10', 881, 'Presente'),
('2021-04-11', 881, 'Presente'),
('2021-04-12', 881, 'Presente'),
('2021-04-13', 881, 'Presente'),
('2021-04-14', 881, 'Presente'),
('2021-04-15', 881, 'Presente'),
('2021-04-16', 881, 'Presente'),
('2021-04-17', 881, 'Presente'),
('2021-04-18', 881, 'Presente'),
('2021-04-19', 881, 'Presente'),
('2021-04-20', 881, 'Presente'),
('2021-04-21', 881, 'Presente'),
('2021-04-22', 881, 'Presente'),
('2021-04-23', 881, 'Presente'),
('2021-04-24', 881, 'Presente'),
('2021-04-25', 881, 'Presente'),
('2021-04-26', 881, 'Presente'),
('2021-04-27', 881, 'Presente'),
('2021-04-28', 881, 'Presente'),
('2021-04-29', 881, 'Presente'),
('2021-04-30', 881, 'Presente'),
('2021-05-01', 881, 'Presente'),
('2021-05-02', 881, 'Presente'),
('2021-05-03', 881, 'Presente'),
('2021-05-04', 881, 'Presente'),
('2021-05-05', 881, 'Presente'),
('2021-05-06', 881, 'Presente'),
('2021-05-07', 881, 'Presente'),
('2021-05-08', 881, 'Presente'),
('2021-05-09', 881, 'Presente'),
('2021-05-10', 881, 'Presente'),
('2021-05-11', 881, 'Presente'),
('2021-05-12', 881, 'Presente'),
('2021-05-13', 881, 'Presente'),
('2021-05-14', 881, 'Presente'),
('2021-05-15', 881, 'Presente'),
('2021-05-16', 881, 'Presente'),
('2021-05-17', 881, 'Presente'),
('2021-05-18', 881, 'Presente'),
('2021-05-19', 881, 'Presente'),
('2021-05-20', 881, 'Presente'),
('2021-05-21', 881, 'Presente'),
('2021-05-22', 881, 'Presente'),
('2021-05-23', 881, 'Presente'),
('2021-05-24', 881, 'Presente'),
('2021-05-25', 881, 'Presente'),
('2021-05-26', 881, 'Presente'),
('2021-05-27', 881, 'Presente'),
('2021-05-28', 881, 'Presente'),
('2021-05-29', 881, 'Presente'),
('2021-05-30', 881, 'Presente'),
('2021-06-01', 881, 'Presente'),
('2021-06-02', 881, 'Presente'),
('2021-06-03', 881, 'Ausente'),
('2021-06-04', 881, 'Presente'),
('2021-06-05', 881, 'Presente'),
('2021-06-06', 881, 'Presente'),
('2021-06-07', 881, 'Presente'),
('2021-06-08', 881, 'Presente'),
('2021-06-09', 881, 'Presente'),
('2021-06-10', 881, 'Presente'),
('2021-06-11', 881, 'Presente'),
('2021-06-12', 881, 'Presente'),
('2021-06-13', 881, 'Presente'),
('2021-06-14', 881, 'Presente'),
('2021-06-15', 881, 'Presente'),
('2021-06-16', 881, 'Presente'),
('2021-06-17', 881, 'Presente'),
('2021-06-18', 881, 'Presente'),
('2021-06-19', 881, 'Presente'),
('2021-06-20', 881, 'Presente'),
('2021-06-21', 881, 'Presente'),
('2021-06-22', 881, 'Presente'),
('2021-06-23', 881, 'Presente'),
('2021-06-24', 881, 'Presente'),
('2021-06-25', 881, 'Presente'),
('2021-06-26', 881, 'Presente'),
('2021-06-27', 881, 'Presente'),
('2021-06-28', 881, 'Presente'),
('2021-06-29', 881, 'Presente'),
('2021-06-30', 881, 'Presente'),
('2021-07-01', 881, 'Presente'),
('2021-07-02', 881, 'Presente'),
('2021-07-03', 881, 'Presente'),
('2021-07-04', 881, 'Presente'),
('2021-07-05', 881, 'Presente'),
('2021-07-06', 881, 'Presente'),
('2021-07-07', 881, 'Presente'),
('2021-07-08', 881, 'Presente'),
('2021-07-09', 881, 'Presente'),
('2021-07-10', 881, 'Presente'),
('2021-07-11', 881, 'Presente'),
('2021-07-12', 881, 'Presente'),
('2021-07-13', 881, 'Presente'),
('2021-07-14', 881, 'Presente'),
('2021-07-15', 881, 'Presente'),
('2021-07-16', 881, 'Presente'),
('2021-07-17', 881, 'Presente'),
('2021-07-18', 881, 'Presente'),
('2021-07-19', 881, 'Presente'),
('2021-07-20', 881, 'Presente'),
('2021-07-21', 881, 'Presente'),
('2021-07-22', 881, 'Presente'),
('2021-07-23', 881, 'Presente'),
('2021-07-24', 881, 'Presente'),
('2021-07-25', 881, 'Presente'),
('2021-07-26', 881, 'Presente'),
('2021-07-27', 881, 'Presente'),
('2021-07-28', 881, 'Presente'),
('2021-07-29', 881, 'Presente'),
('2021-07-30', 881, 'Presente'),
('2021-08-01', 881, 'Presente'),
('2021-08-02', 881, 'Presente'),
('2021-08-03', 881, 'Presente'),
('2021-08-04', 881, 'Presente'),
('2021-08-05', 881, 'Presente'),
('2021-08-06', 881, 'Presente'),
('2021-08-07', 881, 'Presente'),
('2021-08-08', 881, 'Presente'),
('2021-08-09', 881, 'Presente'),
('2021-08-10', 881, 'Presente'),
('2021-08-11', 881, 'Presente'),
('2021-08-12', 881, 'Presente'),
('2021-08-13', 881, 'Presente'),
('2021-08-14', 881, 'Presente'),
('2021-08-15', 881, 'Presente'),
('2021-08-16', 881, 'Presente'),
('2021-08-17', 881, 'Presente'),
('2021-08-18', 881, 'Presente'),
('2021-08-19', 881, 'Presente'),
('2021-08-20', 881, 'Presente'),
('2021-08-21', 881, 'Presente'),
('2021-08-22', 881, 'Presente'),
('2021-08-23', 881, 'Presente'),
('2021-08-24', 881, 'Presente'),
('2021-08-25', 881, 'Presente'),
('2021-08-26', 881, 'Presente'),
('2021-08-27', 881, 'Presente'),
('2021-08-28', 881, 'Presente'),
('2021-08-29', 881, 'Presente'),
('2021-08-30', 881, 'Presente'),
('2021-09-01', 881, 'Presente'),
('2021-09-02', 881, 'Presente'),
('2021-09-03', 881, 'Presente'),
('2021-09-04', 881, 'Presente'),
('2021-09-05', 881, 'Presente'),
('2021-09-06', 881, 'Presente'),
('2021-09-07', 881, 'Presente'),
('2021-09-08', 881, 'Presente'),
('2021-09-09', 881, 'Presente'),
('2021-09-10', 881, 'Presente'),
('2021-09-11', 881, 'Presente'),
('2021-09-12', 881, 'Presente'),
('2021-09-13', 881, 'Presente'),
('2021-09-14', 881, 'Presente'),
('2021-09-15', 881, 'Presente'),
('2021-09-16', 881, 'Presente'),
('2021-09-17', 881, 'Presente'),
('2021-09-18', 881, 'Presente'),
('2021-09-19', 881, 'Presente'),
('2021-09-20', 881, 'Presente'),
('2021-09-21', 881, 'Presente'),
('2021-09-22', 881, 'Presente'),
('2021-09-23', 881, 'Presente'),
('2021-09-24', 881, 'Presente'),
('2021-09-25', 881, 'Presente'),
('2021-09-26', 881, 'Presente'),
('2021-09-27', 881, 'Presente'),
('2021-09-28', 881, 'Presente'),
('2021-09-29', 881, 'Presente'),
('2021-09-30', 881, 'Presente'),
('2021-10-01', 881, 'Presente'),
('2021-10-02', 881, 'Presente'),
('2021-10-03', 881, 'Presente'),
('2021-10-04', 881, 'Presente'),
('2021-10-05', 881, 'Presente'),
('2021-10-06', 881, 'Presente'),
('2021-10-07', 881, 'Presente'),
('2021-10-08', 881, 'Presente'),
('2021-10-09', 881, 'Presente'),
('2021-10-10', 881, 'Presente'),
('2021-10-11', 881, 'Presente'),
('2021-10-12', 881, 'Presente'),
('2021-10-13', 881, 'Presente'),
('2021-10-14', 881, 'Presente'),
('2021-10-15', 881, 'Presente'),
('2021-10-16', 881, 'Presente'),
('2021-10-17', 881, 'Presente'),
('2021-10-18', 881, 'Presente'),
('2021-10-19', 881, 'Presente'),
('2021-10-20', 881, 'Presente'),
('2021-10-21', 881, 'Presente'),
('2021-10-22', 881, 'Presente'),
('2021-10-23', 881, 'Presente'),
('2021-10-24', 881, 'Presente'),
('2021-10-25', 881, 'Presente'),
('2021-10-26', 881, 'Presente'),
('2021-10-27', 881, 'Presente'),
('2021-10-28', 881, 'Presente'),
('2021-10-29', 881, 'Presente'),
('2021-10-30', 881, 'Presente'),
('2021-11-01', 881, 'Presente'),
('2021-11-02', 881, 'Presente'),
('2021-11-03', 881, 'Presente'),
('2021-11-04', 881, 'Presente'),
('2021-11-05', 881, 'Presente'),
('2021-11-06', 881, 'Presente'),
('2021-11-07', 881, 'Presente'),
('2021-11-08', 881, 'Presente'),
('2021-11-09', 881, 'Presente'),
('2021-11-10', 881, 'Presente'),
('2021-11-11', 881, 'Presente'),
('2021-11-12', 881, 'Presente'),
('2021-11-13', 881, 'Presente'),
('2021-11-14', 881, 'Presente'),
('2021-11-15', 881, 'Presente'),
('2021-11-16', 881, 'Presente'),
('2021-11-17', 881, 'Presente'),
('2021-11-18', 881, 'Presente'),
('2021-11-19', 881, 'Presente'),
('2021-11-20', 881, 'Presente'),
('2021-11-21', 881, 'Presente'),
('2021-11-22', 881, 'Presente'),
('2021-11-23', 881, 'Presente'),
('2021-11-24', 881, 'Presente'),
('2021-11-25', 881, 'Presente'),
('2021-11-26', 881, 'Presente'),
('2021-11-27', 881, 'Presente'),
('2021-11-28', 881, 'Presente'),
('2021-11-29', 881, 'Presente'),
('2021-11-30', 881, 'Presente'),
('2022-03-01', 881, 'Presente'),
('2022-03-02', 881, 'Presente'),
('2022-03-03', 881, 'Presente'),
('2022-03-04', 881, 'Presente'),
('2022-03-05', 881, 'Presente'),
('2022-03-06', 881, 'Ausente'),
('2022-03-07', 881, 'Presente'),
('2022-03-08', 881, 'Presente'),
('2022-03-09', 881, 'Presente'),
('2022-03-10', 881, 'Presente'),
('2022-03-11', 881, 'Presente'),
('2022-03-12', 881, 'Presente'),
('2022-03-13', 881, 'Presente'),
('2022-03-14', 881, 'Presente'),
('2022-03-15', 881, 'Presente'),
('2022-03-16', 881, 'Presente'),
('2022-03-17', 881, 'Presente'),
('2022-03-18', 881, 'Presente'),
('2022-03-19', 881, 'Presente'),
('2022-03-20', 881, 'Presente'),
('2022-03-21', 881, 'Presente'),
('2022-03-22', 881, 'Presente'),
('2022-03-23', 881, 'Presente'),
('2022-03-24', 881, 'Presente'),
('2022-03-25', 881, 'Presente'),
('2022-03-26', 881, 'Presente'),
('2022-03-27', 881, 'Presente'),
('2022-03-28', 881, 'Presente'),
('2022-03-29', 881, 'Presente'),
('2022-03-30', 881, 'Presente'),
('2022-04-01', 881, 'Presente'),
('2022-04-02', 881, 'Presente'),
('2022-04-03', 881, 'Presente'),
('2022-04-04', 881, 'Presente'),
('2022-04-05', 881, 'Presente'),
('2022-04-06', 881, 'Presente'),
('2022-04-07', 881, 'Presente'),
('2022-04-08', 881, 'Presente'),
('2022-04-09', 881, 'Presente'),
('2022-04-10', 881, 'Presente'),
('2022-04-11', 881, 'Presente'),
('2022-04-12', 881, 'Presente'),
('2022-04-13', 881, 'Presente'),
('2022-04-14', 881, 'Presente'),
('2022-04-15', 881, 'Presente'),
('2022-04-16', 881, 'Presente'),
('2022-04-17', 881, 'Presente'),
('2022-04-18', 881, 'Presente'),
('2022-04-19', 881, 'Presente'),
('2022-04-20', 881, 'Presente'),
('2022-04-21', 881, 'Presente'),
('2022-04-22', 881, 'Presente'),
('2022-04-23', 881, 'Presente'),
('2022-04-24', 881, 'Presente'),
('2022-04-25', 881, 'Presente'),
('2022-04-26', 881, 'Presente'),
('2022-04-27', 881, 'Presente'),
('2022-04-28', 881, 'Presente'),
('2022-04-29', 881, 'Presente'),
('2022-04-30', 881, 'Presente'),
('2022-05-01', 881, 'Presente'),
('2022-05-02', 881, 'Presente'),
('2022-05-03', 881, 'Presente'),
('2022-05-04', 881, 'Presente'),
('2022-05-05', 881, 'Presente'),
('2022-05-06', 881, 'Presente'),
('2022-05-07', 881, 'Presente'),
('2022-05-08', 881, 'Presente'),
('2022-05-09', 881, 'Presente'),
('2022-05-10', 881, 'Presente'),
('2022-05-11', 881, 'Presente'),
('2022-05-12', 881, 'Presente'),
('2022-05-13', 881, 'Presente'),
('2022-05-14', 881, 'Presente'),
('2022-05-15', 881, 'Presente'),
('2022-05-16', 881, 'Presente'),
('2022-05-17', 881, 'Presente'),
('2022-05-18', 881, 'Presente'),
('2022-05-19', 881, 'Presente'),
('2022-05-20', 881, 'Presente'),
('2022-05-21', 881, 'Presente'),
('2022-05-22', 881, 'Presente'),
('2022-05-23', 881, 'Presente'),
('2022-05-24', 881, 'Presente'),
('2022-05-25', 881, 'Presente'),
('2022-05-26', 881, 'Presente'),
('2022-05-27', 881, 'Presente'),
('2022-05-28', 881, 'Presente'),
('2022-05-29', 881, 'Presente'),
('2022-05-30', 881, 'Presente'),
('2022-06-01', 881, 'Presente'),
('2022-06-02', 881, 'Presente'),
('2022-06-03', 881, 'Presente'),
('2022-06-04', 881, 'Presente'),
('2022-06-05', 881, 'Presente'),
('2022-06-06', 881, 'Presente'),
('2022-06-07', 881, 'Presente'),
('2022-06-08', 881, 'Presente'),
('2022-06-09', 881, 'Presente'),
('2022-06-10', 881, 'Presente'),
('2022-06-11', 881, 'Presente'),
('2022-06-12', 881, 'Presente'),
('2022-06-13', 881, 'Presente'),
('2022-06-14', 881, 'Presente'),
('2022-06-15', 881, 'Presente'),
('2022-06-16', 881, 'Presente'),
('2022-06-17', 881, 'Presente'),
('2022-06-18', 881, 'Presente'),
('2022-06-19', 881, 'Presente'),
('2022-06-20', 881, 'Presente'),
('2022-06-21', 881, 'Presente'),
('2022-06-22', 881, 'Ausente'),
('2022-06-23', 881, 'Presente'),
('2022-06-24', 881, 'Presente'),
('2022-06-25', 881, 'Presente'),
('2022-06-26', 881, 'Presente'),
('2022-06-27', 881, 'Presente'),
('2022-06-28', 881, 'Presente'),
('2022-06-29', 881, 'Presente'),
('2022-06-30', 881, 'Presente'),
('2022-07-01', 881, 'Presente'),
('2022-07-02', 881, 'Presente'),
('2022-07-03', 881, 'Presente'),
('2022-07-04', 881, 'Presente'),
('2022-07-05', 881, 'Presente'),
('2022-07-06', 881, 'Presente'),
('2022-07-07', 881, 'Presente'),
('2022-07-08', 881, 'Presente'),
('2022-07-09', 881, 'Presente'),
('2022-07-10', 881, 'Presente'),
('2022-07-11', 881, 'Presente'),
('2022-07-12', 881, 'Presente'),
('2022-07-13', 881, 'Presente'),
('2022-07-14', 881, 'Presente'),
('2022-07-15', 881, 'Presente'),
('2022-07-16', 881, 'Presente'),
('2022-07-17', 881, 'Presente'),
('2022-07-18', 881, 'Presente'),
('2022-07-19', 881, 'Presente'),
('2022-07-20', 881, 'Presente'),
('2022-07-21', 881, 'Presente'),
('2022-07-22', 881, 'Presente'),
('2022-07-23', 881, 'Presente'),
('2022-07-24', 881, 'Presente'),
('2022-07-25', 881, 'Ausente'),
('2022-07-26', 881, 'Presente'),
('2022-07-27', 881, 'Presente'),
('2022-07-28', 881, 'Presente'),
('2022-07-29', 881, 'Presente'),
('2022-07-30', 881, 'Presente'),
('2022-08-01', 881, 'Presente'),
('2022-08-02', 881, 'Presente'),
('2022-08-03', 881, 'Presente'),
('2022-08-04', 881, 'Presente'),
('2022-08-05', 881, 'Presente'),
('2022-08-06', 881, 'Presente'),
('2022-08-07', 881, 'Presente'),
('2022-08-08', 881, 'Presente'),
('2022-08-09', 881, 'Presente'),
('2022-08-10', 881, 'Presente'),
('2022-08-11', 881, 'Presente'),
('2022-08-12', 881, 'Presente'),
('2022-08-13', 881, 'Presente'),
('2022-08-14', 881, 'Presente'),
('2022-08-15', 881, 'Presente'),
('2022-08-16', 881, 'Presente'),
('2022-08-17', 881, 'Presente'),
('2022-08-18', 881, 'Presente'),
('2022-08-19', 881, 'Presente'),
('2022-08-20', 881, 'Presente'),
('2022-08-21', 881, 'Presente'),
('2022-08-22', 881, 'Presente'),
('2022-08-23', 881, 'Presente'),
('2022-08-24', 881, 'Presente'),
('2022-08-25', 881, 'Presente'),
('2022-08-26', 881, 'Presente'),
('2022-08-27', 881, 'Presente'),
('2022-08-28', 881, 'Presente'),
('2022-08-29', 881, 'Presente'),
('2022-08-30', 881, 'Presente'),
('2022-09-01', 881, 'Presente'),
('2022-09-02', 881, 'Presente'),
('2022-09-03', 881, 'Presente'),
('2022-09-04', 881, 'Presente'),
('2022-09-05', 881, 'Presente'),
('2022-09-06', 881, 'Presente'),
('2022-09-07', 881, 'Presente'),
('2022-09-08', 881, 'Presente'),
('2022-09-09', 881, 'Presente'),
('2022-09-10', 881, 'Presente'),
('2022-09-11', 881, 'Presente'),
('2022-09-12', 881, 'Presente'),
('2022-09-13', 881, 'Presente'),
('2022-09-14', 881, 'Presente'),
('2022-09-15', 881, 'Presente'),
('2022-09-16', 881, 'Presente'),
('2022-09-17', 881, 'Presente'),
('2022-09-18', 881, 'Presente'),
('2022-09-19', 881, 'Presente'),
('2022-09-20', 881, 'Presente'),
('2022-09-21', 881, 'Presente'),
('2022-09-22', 881, 'Presente'),
('2022-09-23', 881, 'Presente'),
('2022-09-24', 881, 'Presente'),
('2022-09-25', 881, 'Presente'),
('2022-09-26', 881, 'Presente'),
('2022-09-27', 881, 'Presente'),
('2022-09-28', 881, 'Presente'),
('2022-09-29', 881, 'Presente'),
('2022-09-30', 881, 'Presente'),
('2022-10-01', 881, 'Presente'),
('2022-10-02', 881, 'Presente'),
('2022-10-03', 881, 'Presente'),
('2022-10-04', 881, 'Presente'),
('2022-10-05', 881, 'Presente'),
('2022-10-06', 881, 'Presente'),
('2022-10-07', 881, 'Presente'),
('2022-10-08', 881, 'Presente'),
('2022-10-09', 881, 'Presente'),
('2022-10-10', 881, 'Presente'),
('2022-10-11', 881, 'Presente'),
('2022-10-12', 881, 'Presente'),
('2022-10-13', 881, 'Presente'),
('2022-10-14', 881, 'Presente'),
('2022-10-15', 881, 'Presente'),
('2022-10-16', 881, 'Presente'),
('2022-10-17', 881, 'Presente'),
('2022-10-18', 881, 'Presente'),
('2022-10-19', 881, 'Presente'),
('2022-10-20', 881, 'Presente'),
('2022-10-21', 881, 'Presente'),
('2022-10-22', 881, 'Presente'),
('2022-10-23', 881, 'Presente'),
('2022-10-24', 881, 'Presente'),
('2022-10-25', 881, 'Presente'),
('2022-10-26', 881, 'Presente'),
('2022-10-27', 881, 'Presente'),
('2022-10-28', 881, 'Ausente'),
('2022-10-29', 881, 'Presente'),
('2022-10-30', 881, 'Presente'),
('2022-11-01', 881, 'Presente'),
('2022-11-02', 881, 'Presente'),
('2022-11-03', 881, 'Presente'),
('2022-11-04', 881, 'Presente'),
('2022-11-05', 881, 'Presente'),
('2022-11-06', 881, 'Presente'),
('2022-11-07', 881, 'Presente'),
('2022-11-08', 881, 'Presente'),
('2022-11-09', 881, 'Presente'),
('2022-11-10', 881, 'Presente'),
('2022-11-11', 881, 'Presente'),
('2022-11-12', 881, 'Presente'),
('2022-11-13', 881, 'Presente'),
('2022-11-14', 881, 'Presente'),
('2022-11-15', 881, 'Presente'),
('2022-11-16', 881, 'Presente'),
('2022-11-17', 881, 'Presente'),
('2022-11-18', 881, 'Presente'),
('2022-11-19', 881, 'Presente'),
('2022-11-20', 881, 'Presente'),
('2022-11-21', 881, 'Ausente'),
('2022-11-22', 881, 'Presente'),
('2022-11-23', 881, 'Presente'),
('2022-11-24', 881, 'Presente'),
('2022-11-25', 881, 'Presente'),
('2022-11-26', 881, 'Presente'),
('2022-11-27', 881, 'Presente'),
('2022-11-28', 881, 'Presente'),
('2022-11-29', 881, 'Presente'),
('2022-11-30', 881, 'Ausente'),
('2023-03-01', 881, 'Presente'),
('2023-03-02', 881, 'Presente'),
('2023-03-03', 881, 'Presente'),
('2023-03-04', 881, 'Presente'),
('2023-03-05', 881, 'Presente'),
('2023-03-06', 881, 'Presente'),
('2023-03-07', 881, 'Presente'),
('2023-03-08', 881, 'Presente'),
('2023-03-09', 881, 'Presente'),
('2023-03-10', 881, 'Presente'),
('2023-03-11', 881, 'Presente'),
('2023-03-12', 881, 'Presente'),
('2023-03-13', 881, 'Presente'),
('2023-03-14', 881, 'Presente'),
('2023-03-15', 881, 'Presente'),
('2023-03-16', 881, 'Presente'),
('2023-03-17', 881, 'Presente'),
('2023-03-18', 881, 'Presente'),
('2023-03-19', 881, 'Ausente'),
('2023-03-20', 881, 'Presente'),
('2023-03-21', 881, 'Presente'),
('2023-03-22', 881, 'Presente'),
('2023-03-23', 881, 'Presente'),
('2023-03-24', 881, 'Presente'),
('2023-03-25', 881, 'Presente'),
('2023-03-26', 881, 'Presente'),
('2023-03-27', 881, 'Presente'),
('2023-03-28', 881, 'Presente'),
('2023-03-29', 881, 'Presente'),
('2023-03-30', 881, 'Presente'),
('2023-04-01', 881, 'Presente'),
('2023-04-02', 881, 'Presente'),
('2023-04-03', 881, 'Presente'),
('2023-04-04', 881, 'Presente'),
('2023-04-05', 881, 'Presente'),
('2023-04-06', 881, 'Presente'),
('2023-04-07', 881, 'Presente'),
('2023-04-08', 881, 'Presente'),
('2023-04-09', 881, 'Presente'),
('2023-04-10', 881, 'Presente'),
('2023-04-11', 881, 'Presente'),
('2023-04-12', 881, 'Presente'),
('2023-04-13', 881, 'Presente'),
('2023-04-14', 881, 'Presente'),
('2023-04-15', 881, 'Presente'),
('2023-04-16', 881, 'Presente'),
('2023-04-17', 881, 'Presente'),
('2023-04-18', 881, 'Presente'),
('2023-04-19', 881, 'Presente'),
('2023-04-20', 881, 'Presente'),
('2023-04-21', 881, 'Presente'),
('2023-04-22', 881, 'Presente'),
('2023-04-23', 881, 'Presente'),
('2023-04-24', 881, 'Presente'),
('2023-04-25', 881, 'Presente'),
('2023-04-26', 881, 'Presente'),
('2023-04-27', 881, 'Presente'),
('2023-04-28', 881, 'Presente'),
('2023-04-29', 881, 'Presente'),
('2023-04-30', 881, 'Presente'),
('2023-05-01', 881, 'Presente'),
('2023-05-02', 881, 'Presente'),
('2023-05-03', 881, 'Presente'),
('2023-05-04', 881, 'Presente'),
('2023-05-05', 881, 'Ausente'),
('2023-05-06', 881, 'Presente'),
('2023-05-07', 881, 'Presente'),
('2023-05-08', 881, 'Presente'),
('2023-05-09', 881, 'Presente'),
('2023-05-10', 881, 'Presente'),
('2023-05-11', 881, 'Presente'),
('2023-05-12', 881, 'Presente'),
('2023-05-13', 881, 'Presente'),
('2023-05-14', 881, 'Presente'),
('2023-05-15', 881, 'Presente'),
('2023-05-16', 881, 'Presente'),
('2023-05-17', 881, 'Presente'),
('2023-05-18', 881, 'Presente'),
('2023-05-19', 881, 'Presente'),
('2023-05-20', 881, 'Presente'),
('2023-05-21', 881, 'Presente'),
('2023-05-22', 881, 'Ausente'),
('2023-05-23', 881, 'Presente'),
('2023-05-24', 881, 'Presente'),
('2023-05-25', 881, 'Presente'),
('2023-05-26', 881, 'Presente'),
('2023-05-27', 881, 'Presente'),
('2023-05-28', 881, 'Presente'),
('2023-05-29', 881, 'Presente'),
('2023-05-30', 881, 'Presente'),
('2023-06-01', 881, 'Presente'),
('2023-06-02', 881, 'Presente'),
('2023-06-03', 881, 'Presente'),
('2023-06-04', 881, 'Presente'),
('2023-06-05', 881, 'Presente'),
('2023-06-06', 881, 'Presente'),
('2023-06-07', 881, 'Presente'),
('2023-06-08', 881, 'Presente'),
('2023-06-09', 881, 'Presente'),
('2023-06-10', 881, 'Presente'),
('2023-06-11', 881, 'Presente'),
('2023-06-12', 881, 'Presente'),
('2023-06-13', 881, 'Presente'),
('2023-06-14', 881, 'Presente'),
('2023-06-15', 881, 'Presente'),
('2023-06-16', 881, 'Presente'),
('2023-06-17', 881, 'Presente'),
('2023-06-18', 881, 'Presente'),
('2023-06-19', 881, 'Presente'),
('2023-06-20', 881, 'Presente'),
('2023-06-21', 881, 'Presente'),
('2023-06-22', 881, 'Presente'),
('2023-06-23', 881, 'Presente'),
('2023-06-24', 881, 'Presente'),
('2023-06-25', 881, 'Presente'),
('2023-06-26', 881, 'Presente'),
('2023-06-27', 881, 'Presente'),
('2023-06-28', 881, 'Presente'),
('2023-06-29', 881, 'Presente'),
('2023-06-30', 881, 'Presente'),
('2023-07-01', 881, 'Presente'),
('2023-07-02', 881, 'Presente'),
('2023-07-03', 881, 'Presente'),
('2023-07-04', 881, 'Presente'),
('2023-07-05', 881, 'Presente'),
('2023-07-06', 881, 'Presente'),
('2023-07-07', 881, 'Presente'),
('2023-07-08', 881, 'Presente'),
('2023-07-09', 881, 'Presente'),
('2023-07-10', 881, 'Presente'),
('2023-07-11', 881, 'Presente'),
('2023-07-12', 881, 'Presente'),
('2023-07-13', 881, 'Presente'),
('2023-07-14', 881, 'Presente'),
('2023-07-15', 881, 'Presente'),
('2023-07-16', 881, 'Presente'),
('2023-07-17', 881, 'Presente'),
('2023-07-18', 881, 'Presente'),
('2023-07-19', 881, 'Presente'),
('2023-07-20', 881, 'Presente'),
('2023-07-21', 881, 'Presente'),
('2023-07-22', 881, 'Presente'),
('2023-07-23', 881, 'Presente'),
('2023-07-24', 881, 'Presente'),
('2023-07-25', 881, 'Presente'),
('2023-07-26', 881, 'Presente'),
('2023-07-27', 881, 'Presente'),
('2023-07-28', 881, 'Presente'),
('2023-07-29', 881, 'Presente'),
('2023-07-30', 881, 'Presente'),
('2023-08-01', 881, 'Presente'),
('2023-08-02', 881, 'Presente'),
('2023-08-03', 881, 'Presente'),
('2023-08-04', 881, 'Presente'),
('2023-08-05', 881, 'Presente'),
('2023-08-06', 881, 'Presente'),
('2023-08-07', 881, 'Presente'),
('2023-08-08', 881, 'Presente'),
('2023-08-09', 881, 'Presente'),
('2023-08-10', 881, 'Presente'),
('2023-08-11', 881, 'Presente'),
('2023-08-12', 881, 'Presente'),
('2023-08-13', 881, 'Presente'),
('2023-08-14', 881, 'Presente'),
('2023-08-15', 881, 'Presente'),
('2023-08-16', 881, 'Presente'),
('2023-08-17', 881, 'Presente'),
('2023-08-18', 881, 'Presente'),
('2023-08-19', 881, 'Presente'),
('2023-08-20', 881, 'Presente'),
('2023-08-21', 881, 'Presente'),
('2023-08-22', 881, 'Presente'),
('2023-08-23', 881, 'Presente'),
('2023-08-24', 881, 'Presente'),
('2023-08-25', 881, 'Presente'),
('2023-08-26', 881, 'Presente'),
('2023-08-27', 881, 'Presente'),
('2023-08-28', 881, 'Presente'),
('2023-08-29', 881, 'Presente'),
('2023-08-30', 881, 'Presente'),
('2023-09-01', 881, 'Presente'),
('2023-09-02', 881, 'Presente'),
('2023-09-03', 881, 'Presente'),
('2023-09-04', 881, 'Presente'),
('2023-09-05', 881, 'Presente'),
('2023-09-06', 881, 'Presente'),
('2023-09-07', 881, 'Presente'),
('2023-09-08', 881, 'Presente'),
('2023-09-09', 881, 'Presente'),
('2023-09-10', 881, 'Presente'),
('2023-09-11', 881, 'Presente'),
('2023-09-12', 881, 'Presente'),
('2023-09-13', 881, 'Presente'),
('2023-09-14', 881, 'Ausente'),
('2023-09-15', 881, 'Presente'),
('2023-09-16', 881, 'Presente'),
('2023-09-17', 881, 'Presente'),
('2023-09-18', 881, 'Presente'),
('2023-09-19', 881, 'Presente'),
('2023-09-20', 881, 'Presente'),
('2023-09-21', 881, 'Ausente'),
('2023-09-22', 881, 'Presente'),
('2023-09-23', 881, 'Presente'),
('2023-09-24', 881, 'Ausente'),
('2023-09-25', 881, 'Presente'),
('2023-09-26', 881, 'Presente'),
('2023-09-27', 881, 'Presente'),
('2023-09-28', 881, 'Presente'),
('2023-09-29', 881, 'Presente'),
('2023-09-30', 881, 'Presente'),
('2023-10-01', 881, 'Presente'),
('2023-10-02', 881, 'Presente'),
('2023-10-03', 881, 'Presente'),
('2023-10-04', 881, 'Presente'),
('2023-10-05', 881, 'Presente'),
('2023-10-06', 881, 'Presente'),
('2023-10-07', 881, 'Presente'),
('2023-10-08', 881, 'Presente'),
('2023-10-09', 881, 'Presente'),
('2023-10-10', 881, 'Presente'),
('2023-10-11', 881, 'Presente'),
('2023-10-12', 881, 'Presente'),
('2023-10-13', 881, 'Presente'),
('2023-10-14', 881, 'Presente'),
('2023-10-15', 881, 'Presente'),
('2023-10-16', 881, 'Presente'),
('2023-10-17', 881, 'Presente'),
('2023-10-18', 881, 'Presente'),
('2023-10-19', 881, 'Presente'),
('2023-10-20', 881, 'Presente'),
('2023-10-21', 881, 'Presente'),
('2023-10-22', 881, 'Presente'),
('2023-10-23', 881, 'Presente'),
('2023-10-24', 881, 'Presente'),
('2023-10-25', 881, 'Presente'),
('2023-10-26', 881, 'Presente'),
('2023-10-27', 881, 'Presente'),
('2023-10-28', 881, 'Presente'),
('2023-10-29', 881, 'Presente'),
('2023-10-30', 881, 'Presente'),
('2023-11-01', 881, 'Presente'),
('2023-11-02', 881, 'Presente'),
('2023-11-03', 881, 'Ausente'),
('2023-11-04', 881, 'Presente'),
('2023-11-05', 881, 'Presente'),
('2023-11-06', 881, 'Presente'),
('2023-11-07', 881, 'Presente'),
('2023-11-08', 881, 'Presente'),
('2023-11-09', 881, 'Presente'),
('2023-11-10', 881, 'Presente'),
('2023-11-11', 881, 'Presente'),
('2023-11-12', 881, 'Presente'),
('2023-11-13', 881, 'Presente'),
('2023-11-14', 881, 'Presente'),
('2023-11-15', 881, 'Presente'),
('2023-11-16', 881, 'Presente'),
('2023-11-17', 881, 'Presente'),
('2023-11-18', 881, 'Presente'),
('2023-11-19', 881, 'Presente'),
('2023-11-20', 881, 'Presente'),
('2023-11-21', 881, 'Presente'),
('2023-11-22', 881, 'Presente'),
('2023-11-23', 881, 'Presente'),
('2023-11-24', 881, 'Presente'),
('2023-11-25', 881, 'Presente'),
('2023-11-26', 881, 'Presente'),
('2023-11-27', 881, 'Presente'),
('2023-11-28', 881, 'Presente'),
('2023-11-29', 881, 'Presente'),
('2023-11-30', 881, 'Presente'),
('2024-03-04', 881, 'Presente'),
('2024-03-05', 881, 'Presente'),
('2024-03-06', 881, 'Presente'),
('2024-03-07', 881, 'Presente'),
('2024-03-08', 881, 'Presente'),
('2024-03-11', 881, 'Presente'),
('2024-03-12', 881, 'Presente'),
('2024-03-13', 881, 'Presente'),
('2024-03-14', 881, 'Presente'),
('2024-03-17', 881, 'Presente'),
('2024-03-18', 881, 'Presente'),
('2024-03-19', 881, 'Presente'),
('2024-03-20', 881, 'Presente'),
('2024-03-21', 881, 'Presente'),
('2024-03-22', 881, 'Presente'),
('2024-03-23', 881, 'Ausente'),
('2024-03-24', 881, 'Presente'),
('2024-03-25', 881, 'Ausente'),
('2024-03-26', 881, 'Presente'),
('2024-03-27', 881, 'Presente'),
('2024-03-28', 881, 'Presente'),
('2024-03-29', 881, 'Presente'),
('2024-03-30', 881, 'Presente'),
('2024-04-01', 881, 'Presente'),
('2024-04-02', 881, 'Presente'),
('2024-04-03', 881, 'Presente'),
('2024-04-06', 881, 'Presente'),
('2024-04-07', 881, 'Presente'),
('2024-04-08', 881, 'Presente'),
('2024-04-09', 881, 'Presente'),
('2024-04-10', 881, 'Presente'),
('2024-04-11', 881, 'Presente'),
('2024-04-12', 881, 'Presente'),
('2024-04-13', 881, 'Presente'),
('2024-04-14', 881, 'Presente'),
('2024-04-15', 881, 'Presente'),
('2024-04-16', 881, 'Presente'),
('2024-04-17', 881, 'Presente'),
('2024-04-20', 881, 'Presente'),
('2024-04-21', 881, 'Presente'),
('2024-04-22', 881, 'Presente'),
('2024-04-23', 881, 'Presente'),
('2024-04-24', 881, 'Presente'),
('2024-04-25', 881, 'Presente'),
('2024-04-26', 881, 'Presente'),
('2024-04-27', 881, 'Presente'),
('2024-04-28', 881, 'Presente'),
('2024-04-29', 881, 'Presente'),
('2024-04-30', 881, 'Presente'),
('2024-05-03', 881, 'Presente'),
('2024-05-04', 881, 'Presente'),
('2024-05-05', 881, 'Presente'),
('2024-05-06', 881, 'Presente'),
('2024-05-07', 881, 'Presente'),
('2024-05-08', 881, 'Presente'),
('2024-05-09', 881, 'Presente'),
('2024-05-10', 881, 'Presente'),
('2024-05-11', 881, 'Presente'),
('2024-05-12', 881, 'Presente'),
('2024-05-15', 881, 'Presente'),
('2024-05-16', 881, 'Presente'),
('2024-05-17', 881, 'Presente'),
('2024-05-18', 881, 'Presente'),
('2024-05-19', 881, 'Presente'),
('2024-05-20', 881, 'Presente'),
('2024-05-21', 881, 'Presente'),
('2024-05-22', 881, 'Presente'),
('2024-05-23', 881, 'Presente'),
('2024-05-24', 881, 'Presente'),
('2024-05-25', 881, 'Presente'),
('2024-05-26', 881, 'Presente'),
('2024-05-27', 881, 'Presente'),
('2024-05-28', 881, 'Presente'),
('2024-05-29', 881, 'Presente'),
('2024-05-30', 881, 'Presente'),
('2024-06-03', 881, 'Presente'),
('2024-06-04', 881, 'Presente'),
('2024-06-05', 881, 'Presente'),
('2024-06-06', 881, 'Presente'),
('2024-06-07', 881, 'Presente'),
('2024-06-08', 881, 'Presente'),
('2024-06-09', 881, 'Presente'),
('2024-06-10', 881, 'Presente'),
('2024-06-11', 881, 'Presente'),
('2024-06-12', 881, 'Presente'),
('2024-06-13', 881, 'Presente'),
('2024-06-14', 881, 'Presente'),
('2024-06-15', 881, 'Presente'),
('2024-06-16', 881, 'Presente'),
('2024-06-17', 881, 'Presente'),
('2024-06-18', 881, 'Presente'),
('2024-06-19', 881, 'Presente'),
('2024-06-20', 881, 'Presente'),
('2024-06-21', 881, 'Presente'),
('2024-06-22', 881, 'Presente'),
('2024-06-23', 881, 'Presente'),
('2024-06-24', 881, 'Presente'),
('2024-06-25', 881, 'Presente'),
('2024-06-26', 881, 'Presente'),
('2024-06-27', 881, 'Presente'),
('2024-06-28', 881, 'Presente'),
('2024-06-29', 881, 'Presente'),
('2024-06-30', 881, 'Presente'),
('2024-07-01', 881, 'Presente'),
('2024-07-02', 881, 'Presente'),
('2024-07-03', 881, 'Presente'),
('2024-07-04', 881, 'Presente'),
('2024-07-05', 881, 'Presente'),
('2024-07-06', 881, 'Presente'),
('2024-07-07', 881, 'Presente'),
('2024-07-08', 881, 'Ausente'),
('2024-07-09', 881, 'Presente'),
('2024-07-10', 881, 'Presente'),
('2024-07-11', 881, 'Presente'),
('2024-07-12', 881, 'Presente'),
('2024-07-13', 881, 'Presente'),
('2024-07-14', 881, 'Presente'),
('2024-07-15', 881, 'Presente'),
('2024-07-28', 881, 'Presente'),
('2024-07-29', 881, 'Presente'),
('2024-07-30', 881, 'Presente'),
('2024-08-01', 881, 'Presente'),
('2024-08-02', 881, 'Ausente'),
('2024-08-03', 881, 'Ausente'),
('2024-08-04', 881, 'Presente'),
('2024-08-05', 881, 'Presente'),
('2024-08-06', 881, 'Presente'),
('2024-08-07', 881, 'Presente'),
('2024-08-08', 881, 'Presente'),
('2024-08-09', 881, 'Presente'),
('2024-08-10', 881, 'Presente'),
('2024-08-11', 881, 'Presente'),
('2024-08-12', 881, 'Presente'),
('2024-08-17', 881, 'Presente'),
('2024-08-18', 881, 'Presente'),
('2024-08-19', 881, 'Presente'),
('2024-08-20', 881, 'Presente'),
('2024-08-21', 881, 'Presente'),
('2024-08-22', 881, 'Presente'),
('2024-08-23', 881, 'Presente'),
('2024-08-24', 881, 'Presente'),
('2024-08-25', 881, 'Presente'),
('2024-08-26', 881, 'Presente'),
('2024-08-27', 881, 'Presente'),
('2024-08-30', 881, 'Presente'),
('2024-09-01', 881, 'Presente'),
('2024-09-02', 881, 'Presente'),
('2024-09-03', 881, 'Presente'),
('2024-09-04', 881, 'Presente'),
('2024-09-07', 881, 'Presente'),
('2024-09-08', 881, 'Presente'),
('2024-09-09', 881, 'Presente'),
('2024-09-10', 881, 'Presente'),
('2024-09-11', 881, 'Presente'),
('2024-09-14', 881, 'Presente'),
('2024-09-15', 881, 'Presente'),
('2024-09-16', 881, 'Presente'),
('2024-09-17', 881, 'Presente'),
('2024-09-18', 881, 'Presente'),
('2024-09-19', 881, 'Presente'),
('2024-09-22', 881, 'Presente'),
('2024-09-23', 881, 'Presente'),
('2024-09-24', 881, 'Presente'),
('2024-09-25', 881, 'Presente'),
('2024-09-26', 881, 'Presente'),
('2024-09-27', 881, 'Presente'),
('2024-09-30', 881, 'Presente'),
('2024-10-01', 881, 'Presente'),
('2024-10-02', 881, 'Presente'),
('2024-10-03', 881, 'Presente'),
('2024-10-04', 881, 'Presente'),
('2024-10-07', 881, 'Presente'),
('2024-10-08', 881, 'Presente'),
('2024-10-09', 881, 'Presente'),
('2024-10-10', 881, 'Presente'),
('2024-10-11', 881, 'Presente'),
('2024-10-12', 881, 'Presente'),
('2024-10-15', 881, 'Presente'),
('2024-10-16', 881, 'Presente'),
('2024-10-17', 881, 'Presente'),
('2024-10-18', 881, 'Presente'),
('2024-10-21', 881, 'Presente'),
('2024-10-22', 881, 'Presente'),
('2024-10-23', 881, 'Presente'),
('2024-10-24', 881, 'Presente'),
('2024-10-25', 881, 'Presente'),
('2024-10-28', 881, 'Presente'),
('2024-10-29', 881, 'Presente'),
('2024-10-30', 881, 'Presente'),
('2024-11-01', 881, 'Presente'),
('2024-11-04', 881, 'Presente'),
('2024-11-05', 881, 'Presente'),
('2024-11-06', 881, 'Presente'),
('2024-11-07', 881, 'Presente'),
('2024-11-10', 881, 'Presente'),
('2024-11-11', 881, 'Presente'),
('2024-11-12', 881, 'Presente'),
('2024-11-13', 881, 'Presente'),
('2024-11-14', 881, 'Presente'),
('2024-11-17', 881, 'Presente'),
('2024-11-18', 881, 'Presente'),
('2024-11-19', 881, 'Presente'),
('2024-11-20', 881, 'Presente'),
('2024-11-21', 881, 'Presente'),
('2024-11-22', 881, 'Presente'),
('2024-11-23', 881, 'Presente'),
('2024-11-24', 881, 'Presente'),
('2024-11-25', 881, 'Presente');